timestamp,duration,presses,clicks,deltaX,deltaY,scrollX,scrollY
2026-06-10 09:24:15.003000+00:00,0:00:04.999218,4,0,0,0,0,0
2026-06-10 09:24:10.772000+00:00,0:00:04.230319,0,2,840,359,0,0
2026-06-09 19:13:55.004000+00:00,2:59:50.000061,0,0,0,0,0,0
2026-06-09 19:13:50.004000+00:00,0:00:05.000499,0,1,893,563,0,0
2026-06-09 19:13:45.005000+00:00,0:00:04.998943,0,1,1423,1668,0,2
2026-06-09 19:13:40.004000+00:00,0:00:05.001033,0,1,2973,939,0,0
2026-06-09 19:13:35+00:00,0:00:05.003306,0,1,811,771,0,0
2026-06-09 19:12:10.005000+00:00,0:01:24.995746,0,0,0,0,0,0
2026-06-09 19:12:05.004000+00:00,0:00:05.001091,0,0,1221,839,0,9
2026-06-09 19:12:00.004000+00:00,0:00:05.000017,0,2,1152,116,0,19
2026-06-09 19:11:55.005000+00:00,0:00:04.998946,1,0,249,100,0,45
2026-06-09 19:11:50.004000+00:00,0:00:05.001055,1,1,516,758,0,15
2026-06-09 19:11:45.007000+00:00,0:00:04.997091,0,4,955,471,0,5
2026-06-09 19:11:40.004000+00:00,0:00:05.002921,0,3,1101,343,0,5
2026-06-09 19:11:35.004000+00:00,0:00:04.999903,0,2,2678,1188,0,7
2026-06-09 19:11:30.004000+00:00,0:00:04.999730,0,3,460,257,0,0
2026-06-09 19:11:25.005000+00:00,0:00:04.999335,0,1,331,699,0,0
2026-06-09 19:11:20.003000+00:00,0:00:05.001526,4,0,0,0,0,0
2026-06-09 19:11:15.004000+00:00,0:00:04.999498,19,0,0,0,0,0
2026-06-09 19:11:10.005000+00:00,0:00:04.998974,17,0,0,0,0,0
2026-06-09 19:11:05.005000+00:00,0:00:04.999963,29,0,0,0,0,0
2026-06-09 19:11:00.004000+00:00,0:00:05.001133,19,0,66,67,0,0
2026-06-09 19:10:55.005000+00:00,0:00:04.998924,27,0,0,0,0,0
2026-06-09 19:10:50.005000+00:00,0:00:05.000077,25,0,0,0,0,0
2026-06-09 19:10:45.004000+00:00,0:00:05.000932,21,0,0,0,0,0
2026-06-09 19:10:40.004000+00:00,0:00:04.999835,23,0,0,0,0,0
2026-06-09 19:10:35.004000+00:00,0:00:05.000199,3,2,76,140,0,0
2026-06-09 19:10:30.005000+00:00,0:00:04.999013,0,2,601,1227,0,0
2026-06-09 19:10:25.004000+00:00,0:00:05.001038,0,2,957,1198,0,5
2026-06-09 19:10:20.004000+00:00,0:00:04.999986,0,1,600,607,0,5
2026-06-09 19:10:15.004000+00:00,0:00:04.999736,0,0,84,45,0,3
2026-06-09 19:09:50.005000+00:00,0:00:24.999079,0,0,0,0,0,0
2026-06-09 19:09:45.005000+00:00,0:00:05.000012,0,0,7,3,0,0
2026-06-09 19:09:40.005000+00:00,0:00:04.999940,0,0,2,1,0,0
2026-06-09 19:09:25.005000+00:00,0:00:14.999432,0,0,0,0,0,0
2026-06-09 19:09:20.004000+00:00,0:00:05.001141,0,0,12,15,0,3
2026-06-09 19:09:15.004000+00:00,0:00:04.999995,0,0,143,273,0,1
2026-06-09 19:09:10.004000+00:00,0:00:04.999395,0,0,886,361,0,25
2026-06-09 19:09:05.004000+00:00,0:00:05.000562,0,1,894,231,0,3
2026-06-09 19:09:00.004000+00:00,0:00:04.999538,0,1,1730,310,0,5
2026-06-09 19:08:55.005000+00:00,0:00:04.999297,0,0,962,266,0,13
2026-06-09 19:08:50.007000+00:00,0:00:04.998146,0,0,321,83,0,12
2026-06-09 19:08:45.005000+00:00,0:00:05.002000,0,1,384,294,0,0
2026-06-09 19:08:40.004000+00:00,0:00:05.000969,0,1,821,419,0,15
2026-06-09 19:08:35.004000+00:00,0:00:04.999317,0,0,1390,326,0,6
2026-06-09 19:08:30.004000+00:00,0:00:05.000717,0,1,595,208,0,79
2026-06-09 19:08:25.004000+00:00,0:00:05.000061,0,0,296,366,0,0
2026-06-09 19:07:00.005000+00:00,0:01:24.998817,0,0,0,0,0,0
2026-06-09 19:06:55.005000+00:00,0:00:04.999933,0,0,196,506,0,0
2026-06-09 19:06:50.004000+00:00,0:00:05.001139,0,0,332,184,0,77
2026-06-09 19:06:45.005000+00:00,0:00:04.998941,0,1,1454,285,0,0
2026-06-09 19:06:40.003000+00:00,0:00:05.002106,0,0,2179,813,0,0
2026-06-09 19:06:35.004000+00:00,0:00:04.998749,0,1,558,113,0,25
2026-06-09 19:06:30.004000+00:00,0:00:05.000142,0,1,870,395,0,10
2026-06-09 19:06:25.004000+00:00,0:00:04.999976,0,3,1280,335,0,0
2026-06-09 19:06:20.004000+00:00,0:00:04.999830,3,0,684,469,0,4
2026-06-09 19:06:15.005000+00:00,0:00:04.999097,11,0,0,0,0,0
2026-06-09 19:06:10.001000+00:00,0:00:05.004050,0,2,1146,1099,0,0
2026-06-09 19:06:08.501000+00:00,0:00:01.499736,0,0,793,668,0,0
2026-06-09 19:05:25.004000+00:00,0:00:30.000968,0,0,0,0,0,0
2026-06-09 19:05:20.004000+00:00,0:00:05.000002,0,1,1930,1114,0,3
2026-06-09 19:05:15.004000+00:00,0:00:05.000075,0,0,15156,6742,0,4
2026-06-09 19:05:10.005000+00:00,0:00:04.998832,0,0,7890,5921,0,0
2026-06-09 19:04:25.005000+00:00,0:00:44.999936,0,0,0,0,0,0
2026-06-09 19:04:20.004000+00:00,0:00:05.000971,0,2,188,26,0,0
2026-06-09 19:04:15.005000+00:00,0:00:04.999248,0,1,555,176,0,11
2026-06-09 19:04:10.004000+00:00,0:00:05.000817,0,0,55,152,0,40
2026-06-09 19:04:05.004000+00:00,0:00:05.000060,0,0,74,33,0,35
2026-06-09 19:04:00.004000+00:00,0:00:05.000034,0,0,88,43,0,20
2026-06-09 19:03:55.005000+00:00,0:00:04.998823,0,3,912,750,0,3
2026-06-09 19:03:50.005000+00:00,0:00:04.999974,0,1,1079,256,0,0
2026-06-09 19:03:45.004000+00:00,0:00:05.000968,0,4,80,33,0,0
2026-06-09 19:03:40.004000+00:00,0:00:04.999991,0,2,336,375,0,0
2026-06-09 19:03:35.503000+00:00,0:00:04.501417,0,0,482,223,0,0
2026-06-09 19:01:15.005000+00:00,0:02:09.999063,0,0,0,0,0,0
2026-06-09 19:01:10+00:00,0:00:05.004348,1,0,787,173,0,1
2026-06-09 19:01:09.504000+00:00,0:00:00.496380,0,0,0,0,0,0
2026-06-09 18:10:40.004000+00:00,0:00:04.999792,0,0,950,521,0,0
2026-06-09 18:10:35.004000+00:00,0:00:05.000177,0,0,0,0,0,0
2026-06-09 18:10:30.004000+00:00,0:00:05.000016,0,0,566,169,0,0
2026-06-09 18:10:05.004000+00:00,0:00:24.999955,0,0,0,0,0,0
2026-06-09 18:10:00.004000+00:00,0:00:05.000130,1,2,118,261,0,0
2026-06-09 18:09:55.004000+00:00,0:00:05.000062,0,0,222,9,0,0
2026-06-09 18:09:50.004000+00:00,0:00:04.999979,0,1,1272,505,0,0
2026-06-09 18:09:45.004000+00:00,0:00:04.999848,0,1,295,221,0,0
2026-06-09 18:09:15.004000+00:00,0:00:30.000172,0,0,0,0,0,0
2026-06-09 18:09:10.004000+00:00,0:00:04.999966,0,0,195,279,0,0
2026-06-09 18:09:05.004000+00:00,0:00:05.000012,0,0,82,291,0,0
2026-06-09 18:08:35.004000+00:00,0:00:29.999828,0,0,0,0,0,0
2026-06-09 18:08:30.004000+00:00,0:00:04.999882,1,0,0,0,0,0
2026-06-09 18:08:25.004000+00:00,0:00:05.000030,6,0,67,6,0,0
2026-06-09 18:08:20.004000+00:00,0:00:05.000075,21,0,459,513,0,0
2026-06-09 18:08:15.004000+00:00,0:00:04.999925,66,0,0,0,0,0
2026-06-09 18:08:10.004000+00:00,0:00:04.999999,4,1,198,792,0,0
2026-06-09 18:08:05.006000+00:00,0:00:04.997559,17,0,0,0,0,0
2026-06-09 18:08:00.004000+00:00,0:00:05.002294,4,1,375,72,0,0
2026-06-09 18:04:05.004000+00:00,0:03:55.000056,0,0,0,0,0,0
2026-06-09 18:04:00.004000+00:00,0:00:05.000166,0,0,938,362,0,0
2026-06-09 18:03:55.004000+00:00,0:00:04.999905,0,0,264,363,0,0
2026-06-09 18:03:40.004000+00:00,0:00:15.000046,0,0,0,0,0,0
2026-06-09 18:03:35.004000+00:00,0:00:04.999932,1,1,692,712,0,0
2026-06-09 18:03:30.004000+00:00,0:00:05.000052,4,1,221,356,0,0
2026-06-09 18:03:25.004000+00:00,0:00:04.999952,0,0,0,0,0,0
2026-06-09 18:03:20.004000+00:00,0:00:05.000018,2,1,581,456,0,2
2026-06-09 18:03:15.004000+00:00,0:00:05.000053,0,1,1229,317,0,1
2026-06-09 18:03:10.006000+00:00,0:00:04.998162,0,0,1881,474,0,0
2026-06-09 18:03:05.004000+00:00,0:00:05.001767,0,1,969,445,0,8
2026-06-09 18:02:40.004000+00:00,0:00:24.999956,0,0,0,0,0,0
2026-06-09 18:02:35.004000+00:00,0:00:04.999977,1,1,944,405,0,0
2026-06-09 18:02:30.004000+00:00,0:00:05.000014,0,4,2039,328,0,1
2026-06-09 18:02:25.004000+00:00,0:00:04.999908,0,2,1325,218,0,0
2026-06-09 18:02:20.004000+00:00,0:00:04.999802,0,2,2085,1096,0,0
2026-06-09 18:02:15.009000+00:00,0:00:04.995375,0,2,739,474,0,0
2026-06-09 18:02:10.004000+00:00,0:00:05.004919,2,1,1019,344,0,9
2026-06-09 18:02:05.004000+00:00,0:00:04.999899,0,0,225,180,0,25
2026-06-09 18:02:00.004000+00:00,0:00:04.999793,8,0,358,422,0,0
2026-06-09 18:01:55.005000+00:00,0:00:04.999193,0,2,681,584,0,0
2026-06-09 18:01:50.004000+00:00,0:00:05.000744,0,2,1749,577,0,5
2026-06-09 18:01:45.005000+00:00,0:00:04.999258,0,2,1917,123,0,3
2026-06-09 18:01:40.004000+00:00,0:00:05.000846,0,4,1080,185,0,0
2026-06-09 18:01:35.004000+00:00,0:00:05.000269,0,1,1143,465,0,5
2026-06-09 18:01:30.004000+00:00,0:00:04.999785,0,0,1506,659,0,5
2026-06-09 18:01:25.004000+00:00,0:00:04.999534,0,1,481,416,0,7
2026-06-09 18:01:20.004000+00:00,0:00:05.000732,0,2,1468,437,0,0
2026-06-09 18:01:15.006000+00:00,0:00:04.997595,0,1,2076,565,0,4
2026-06-09 18:01:10.005000+00:00,0:00:05.000922,0,3,1711,485,0,5
2026-06-09 18:01:05.004000+00:00,0:00:05.001516,0,0,320,162,0,20
2026-06-09 18:01:00.004000+00:00,0:00:04.999921,0,2,1289,435,0,0
2026-06-09 18:00:55.004000+00:00,0:00:05.000026,0,0,1619,729,0,0
2026-06-09 18:00:50.006000+00:00,0:00:04.997431,0,2,2062,565,0,3
2026-06-09 18:00:45.004000+00:00,0:00:05.002568,0,2,750,408,0,1
2026-06-09 18:00:40.004000+00:00,0:00:04.999924,0,0,1948,1157,0,0
2026-06-09 17:46:50.001000+00:00,0:13:50.003016,0,0,0,0,0,0
2026-06-09 17:46:45.004000+00:00,0:00:04.997480,0,0,292,300,0,0
2026-06-09 17:41:05.004000+00:00,0:05:40.000291,0,0,0,0,0,0
2026-06-09 17:41:00.004000+00:00,0:00:05.000466,0,1,731,284,0,0
2026-06-09 17:40:55.004000+00:00,0:00:04.999973,2,1,1296,1319,0,0
2026-06-09 17:40:50.004000+00:00,0:00:05.000023,1,0,365,174,0,28
2026-06-09 17:40:45.004000+00:00,0:00:04.999288,0,2,2183,931,0,4
2026-06-09 17:40:40.004000+00:00,0:00:05.000764,0,0,138,132,0,0
2026-06-09 17:39:25.005000+00:00,0:01:14.998968,0,0,0,0,0,0
2026-06-09 17:39:20.004000+00:00,0:00:05.000857,1,0,1,3,0,0
2026-06-09 17:39:15.004000+00:00,0:00:04.999446,2,1,539,370,0,0
2026-06-09 17:39:10.004000+00:00,0:00:05.000576,1,2,626,390,0,0
2026-06-09 17:39:05.004000+00:00,0:00:04.999949,0,4,1521,1107,0,0
2026-06-09 17:39:00.004000+00:00,0:00:04.999962,0,0,363,215,0,10
2026-06-09 17:38:55.004000+00:00,0:00:04.999754,0,1,831,131,0,31
2026-06-09 17:38:50.004000+00:00,0:00:05.000294,0,0,298,187,0,3
2026-06-09 17:37:30.004000+00:00,0:01:19.999893,0,0,0,0,0,0
2026-06-09 17:37:25.004000+00:00,0:00:04.999970,0,1,516,46,0,0
2026-06-09 17:37:20.004000+00:00,0:00:04.999851,0,2,1741,484,0,0
2026-06-09 17:37:15.004000+00:00,0:00:05.000016,0,0,672,584,0,0
2026-06-09 17:36:05.004000+00:00,0:01:09.999901,0,0,0,0,0,0
2026-06-09 17:36:00.005000+00:00,0:00:04.998873,0,0,376,361,0,0
2026-06-09 17:35:05.004000+00:00,0:00:55.000958,0,0,0,0,0,0
2026-06-09 17:35:00.004000+00:00,0:00:05.000071,0,0,333,131,0,0
2026-06-09 17:34:55.004000+00:00,0:00:04.999961,0,1,829,365,0,10
2026-06-09 17:34:50.004000+00:00,0:00:04.999476,0,1,582,763,0,6
2026-06-09 17:34:45.004000+00:00,0:00:05.000548,0,1,847,488,0,0
2026-06-09 17:34:40.004000+00:00,0:00:04.999996,0,1,1672,238,0,7
2026-06-09 17:34:35.004000+00:00,0:00:04.999938,0,0,326,251,0,7
2026-06-09 17:34:30.004000+00:00,0:00:05.000050,0,0,233,213,0,13
2026-06-09 17:34:25.004000+00:00,0:00:04.999779,0,0,493,288,0,4
2026-06-09 17:34:20.004000+00:00,0:00:05.000023,0,1,1638,539,0,0
2026-06-09 17:30:40.004000+00:00,0:03:40.000025,0,0,0,0,0,0
2026-06-09 17:30:35.004000+00:00,0:00:04.999993,0,0,645,584,0,4
2026-06-09 17:30:30.004000+00:00,0:00:05.000014,0,0,34,87,0,0
2026-06-09 17:30:25.004000+00:00,0:00:04.999966,0,1,1805,684,0,0
2026-06-09 17:30:20.004000+00:00,0:00:04.999823,0,0,18,118,0,0
2026-06-09 17:29:05.004000+00:00,0:01:15.000056,0,0,0,0,0,0
2026-06-09 17:29:00.004000+00:00,0:00:05.000084,0,0,2,2,0,10
2026-06-09 17:28:55.004000+00:00,0:00:04.999923,0,1,559,178,0,13
2026-06-09 17:28:50.004000+00:00,0:00:05,0,0,971,332,0,0
2026-06-09 17:24:05.004000+00:00,0:04:45.000010,0,0,0,0,0,0
2026-06-09 17:24:00.004000+00:00,0:00:05.000036,0,0,1,2,0,7
2026-06-09 17:23:55.004000+00:00,0:00:05.000036,0,1,1951,832,0,17
2026-06-09 17:23:50.004000+00:00,0:00:04.999943,1,1,1900,1191,0,0
2026-06-09 17:23:45.004000+00:00,0:00:05.000059,0,1,1897,1099,0,0
2026-06-09 17:21:55.004000+00:00,0:01:49.999704,0,0,0,0,0,0
2026-06-09 17:21:50.004000+00:00,0:00:04.999982,0,2,883,153,0,0
2026-06-09 17:21:45.004000+00:00,0:00:04.999875,0,0,871,504,0,0
2026-06-09 17:17:55.004000+00:00,0:03:50.000181,0,0,0,0,0,0
2026-06-09 17:17:50.004000+00:00,0:00:04.999901,4,2,1053,1283,0,0
2026-06-09 17:17:45.007000+00:00,0:00:04.997014,0,0,971,472,0,0
2026-06-09 17:17:40.004000+00:00,0:00:05.003016,0,1,243,833,0,10
2026-06-09 17:17:35.004000+00:00,0:00:05.000026,0,2,965,578,0,3
2026-06-09 17:17:30.004000+00:00,0:00:04.999805,0,0,162,359,0,0
2026-06-09 17:07:40.004000+00:00,0:09:50.000164,0,0,0,0,0,0
2026-06-09 17:07:35.004000+00:00,0:00:05.000225,0,1,705,706,0,2
2026-06-09 17:07:30.004000+00:00,0:00:04.999770,0,0,1269,254,0,7
2026-06-09 17:07:25.004000+00:00,0:00:04.999710,0,0,71,112,0,15
2026-06-09 17:07:20.004000+00:00,0:00:05.000293,0,0,257,396,0,0
2026-06-09 17:07:15.004000+00:00,0:00:05.000126,0,1,486,896,0,0
2026-06-09 17:01:45.004000+00:00,0:05:29.999907,0,0,0,0,0,0
2026-06-09 17:01:40.004000+00:00,0:00:04.999390,0,0,640,547,0,0
2026-06-09 17:01:35.004000+00:00,0:00:05.000606,0,0,373,977,0,0
2026-06-09 17:01:30.004000+00:00,0:00:04.999985,0,1,229,192,0,0
2026-06-09 17:01:25.004000+00:00,0:00:05.000016,0,0,460,352,0,9
2026-06-09 17:01:20.004000+00:00,0:00:04.999219,0,2,967,622,0,9
2026-06-09 17:01:15.004000+00:00,0:00:05.000750,0,1,1093,207,0,0
2026-06-09 17:01:10.004000+00:00,0:00:05.000046,0,1,1230,652,0,0
2026-06-09 17:01:05.004000+00:00,0:00:05,0,1,1033,374,0,0
2026-06-09 17:01:00.005000+00:00,0:00:04.998898,0,0,202,274,0,0
2026-06-09 17:00:55.004000+00:00,0:00:05.000826,3,0,0,0,0,0
2026-06-09 17:00:50.004000+00:00,0:00:05.000020,22,0,0,0,0,0
2026-06-09 17:00:45.004000+00:00,0:00:05.000220,0,2,1203,1010,0,0
2026-06-09 17:00:40.004000+00:00,0:00:04.999990,0,1,828,554,0,22
2026-06-09 17:00:35.004000+00:00,0:00:05.000002,0,0,995,377,0,7
2026-06-09 17:00:00.004000+00:00,0:00:35.000217,0,0,0,0,0,0
2026-06-09 16:59:55.004000+00:00,0:00:05.000030,0,0,144,435,0,8
2026-06-09 16:59:50.004000+00:00,0:00:04.999976,0,1,1161,804,0,11
2026-06-09 16:59:40.005000+00:00,0:00:09.998938,0,0,0,0,0,0
2026-06-09 16:59:35.001000+00:00,0:00:05.003533,0,0,551,781,0,0
2026-06-09 16:55:05.004000+00:00,0:04:29.997671,0,0,0,0,0,0
2026-06-09 16:55:00.004000+00:00,0:00:04.999965,0,0,1111,969,0,12
2026-06-09 16:54:55.004000+00:00,0:00:05.000043,1,1,243,612,0,10
2026-06-09 16:54:50.004000+00:00,0:00:04.999975,0,0,1558,497,0,0
2026-06-09 16:54:45.004000+00:00,0:00:05.000050,1,1,359,323,0,0
2026-06-09 16:54:40.004000+00:00,0:00:04.999977,0,1,1103,788,0,0
2026-06-09 16:54:35.004000+00:00,0:00:04.999991,0,1,1411,564,0,0
2026-06-09 16:54:30.006000+00:00,0:00:04.997999,0,0,160,450,0,0
2026-06-09 16:54:25.004000+00:00,0:00:05.002003,4,1,922,458,0,0
2026-06-09 16:54:20.004000+00:00,0:00:04.999983,8,1,174,121,0,0
2026-06-09 16:54:15.006000+00:00,0:00:04.997614,0,2,2323,852,0,3
2026-06-09 16:54:10.004000+00:00,0:00:05.002472,2,1,1466,869,0,11
2026-06-09 16:54:05.004000+00:00,0:00:04.999552,4,1,18,16,0,0
2026-06-09 16:54:00.004000+00:00,0:00:04.999762,0,13,172,325,0,0
2026-06-09 16:53:55.002000+00:00,0:00:05.002612,0,3,1019,511,0,0
2026-06-09 16:53:52.443000+00:00,0:00:02.558717,0,0,399,200,0,0
