2026-06-10 00:25:15,Code,● activity_pipeline.ipynb - AI_Companion - Visual Studio Code,0,0,1083.49,0,0:00:04.999792
2026-06-10 00:25:19,Code,● activity_pipeline.ipynb - AI_Companion - Visual Studio Code,0,0,1083.49,0,0:00:04.999792
2026-06-10 00:25:22,Code,● activity_pipeline.ipynb - AI_Companion - Visual Studio Code,0,0,1083.49,0,0:00:04.999792
2026-06-10 00:25:25,Code,● activity_pipeline.ipynb - AI_Companion - Visual Studio Code,0,0,1083.49,0,0:00:04.999792
2026-06-10 00:25:28,Code,● activity_pipeline.ipynb - AI_Companion - Visual Studio Code,0,0,1083.49,0,0:00:04.999792
2026-06-10 00:25:40,Code,activityWatch.py - AI_Companion - Visual Studio Code,0,0,1083.49,0,0:00:04.999792
2026-06-10 00:25:43,Code,activityWatch.py - AI_Companion - Visual Studio Code,0,0,1083.49,0,0:00:04.999792
2026-06-10 00:25:46,Code,activityWatch.py - AI_Companion - Visual Studio Code,0,0,1083.49,0,0:00:04.999792
2026-06-10 00:25:49,Code,activityWatch.py - AI_Companion - Visual Studio Code,0,0,1083.49,0,0:00:04.999792
2026-06-10 00:25:52,Code,activityWatch.py - AI_Companion - Visual Studio Code,0,0,1083.49,0,0:00:04.999792
2026-06-10 00:25:55,Code,activityWatch.py - AI_Companion - Visual Studio Code,0,0,1083.49,0,0:00:04.999792
2026-06-10 00:26:16,Code,activityWatch.py - AI_Companion - Visual Studio Code,0,0,1083.49,0,0:00:04.999792
2026-06-10 00:26:19,Code,activityWatch.py - AI_Companion - Visual Studio Code,0,0,1083.49,0,0:00:04.999792
